review,label,method
This movie make up a triumph in every signified . Highly recommended for everyone .,Positive,synonym
This film is a triumph in every sense. Highly recommended for all.,Positive,back_translation
I constitute completely vaunt away by this film . The lead role player delivered a refreshing performance . I will be thinking about this for days .,Positive,synonym
I was completely enthralled by this film. The lead actor gave a refreshing performance. I will be thinking about this for days.,Positive,back_translation
It perfectly balances humor and drama . I was hooked from the very initiative instant .,Positive,synonym
It balances comedy and drama perfectly. I was hooked from the first minute.,Positive,back_translation
"Simply put , this is cinema at its finest . The alchemy between the roll be superb . Do n't miss this one .",Positive,synonym
"Simply put, this is cinema at its peak. The chemistry between the actors was fantastic. Don't miss it.",Positive,back_translation
"Wow , just wow . Every scene felt earned , and the costume design live virtuoso . Two thumbs elbow room up .",Positive,synonym
"Wow, just wow. Every scene felt earned, and the costume design was excellent. Two thumbs up.",Positive,back_translation
I did n't bear to relish this as much as I did . I specially loved how the cinematography comprise handled . Do n't miss this one .,Positive,synonym
I didn't expect to enjoy it so much. I especially liked how the cinematography was handled. Don't miss it.,Positive,back_translation
I did n't expect to enjoy this as much as I did . It utterly balance bodily fluid and dramatic event . Do yourself a favor and go see this .,Positive,synonym
I didn't expect to enjoy it so much. It balances comedy and drama perfectly. Do yourself a favor and go see it.,Positive,back_translation
The visual effect were superb and added then much depth . This motion picture is a triumph in every sense .,Positive,synonym
The visual effects were spectacular and had a lot of depth. This film is a triumph in every sense.,Positive,back_translation
"belly laugh , hardly wow . It perfectly equilibrate humor and drama . A must-watch for fans of the genre .",Positive,synonym
"Wow, just wow. It balances comedy and drama perfectly. A must-watch for fans of the genre.",Positive,back_translation
A refreshing take on a tired genre. Don't miss it.,Positive,back_translation
It perfectly balances humor and drama . This movie constitute a triumph in every sensation .,Positive,synonym
It balances comedy and drama perfectly. This film is a triumph in every sense.,Positive,back_translation
"Every scene felt pull in , and the opening scene cost heartwarming . A cinematic masterpiece .",Positive,synonym
Every scene felt earned and the opening scene was heart-touching. A cinematic masterpiece.,Positive,back_translation
"Wow , just riot . I peculiarly loved how the pacing was handled . A must-watch for lover of the genre .",Positive,synonym
"Wow, just wow. I especially liked how the speed was controlled. A must-watch for fans of the genre.",Positive,back_translation
This picture show is a triumph in every good sense . The visual consequence were refreshing and added so much depth . A definitive 10/10 .,Positive,synonym
This film is a triumph in every sense. The visual effects were fresh and had a lot of depth. A definite 10/10.,Positive,back_translation
An absolute joy to watch from jump to finish . Two thumb way up .,Positive,synonym
An absolute joy to watch from beginning to end. Two thumbs up.,Positive,back_translation
"eventually , a movie that respects the hearing . Two thumbs way up .",Positive,synonym
"Ultimately, a film that respects the audience. Two thumbs up.",Positive,back_translation
I was completely mishandle away by this film . Do n't omit this one .,Positive,synonym
I was completely enthralled by this film. Don't miss it.,Positive,back_translation
"Finally , a movie that respects the interview . The lead actor delivered a flawless carrying into action . It deserves all the laurels it 's getting .",Positive,synonym
"Ultimately, a film that respects the audience. The lead actor did a great job. It deserves all the awards it gets.",Positive,back_translation
"It managed to be flawless without strain too hard . Finally , a movie that honor the audience .",Positive,synonym
"It managed to be flawless without trying too hard. Ultimately, a film that respects the audience.",Positive,back_translation
It perfectly balances wittiness and drama . I was completely blown away by this cinema .,Positive,synonym
It balances comedy and drama perfectly. I was completely enthralled by this film.,Positive,back_translation
A cinematic masterpiece . The visual effects were superb and contribute then much astuteness . Do yourself a favor and go see this .,Positive,synonym
A cinematic masterpiece. The visual effects were spectacular and had a lot of depth. Do yourself a favor and go see it.,Positive,back_translation
I get along n't expect to bask this as much as I did . Highly recommended for everyone .,Positive,synonym
I didn't expect to enjoy it so much. Highly recommended for all.,Positive,back_translation
Standard fare for this type of film . Good for a one-time ticker .,Positive,synonym
Standard fare for this type of movie. Nice to see once.,Positive,back_translation
An infrangible delight to watch from start to finish . Highly recommended for everyone .,Positive,synonym
An absolute joy to watch from beginning to end. Highly recommended for all.,Positive,back_translation
This picture is a triumph in every sentience . The lead doer delivered a memorable performance . Do n't miss this one .,Positive,synonym
This film is a triumph in every sense. The lead actor gave a memorable performance. Don't miss it.,Positive,back_translation
A cinematic masterpiece . The lead actor pitch a fascinating performance . I will be thinking about this for solar day .,Positive,synonym
A cinematic masterpiece. The lead actor gave an entertaining performance. I will be thinking about this for days.,Positive,back_translation
I was hooked from the really first minute . It managed to be vibrant without trying as well concentrated . I ca n't wait to see it once again .,Positive,synonym
I was hooked from the first minute. It managed to come alive without trying too hard. I can't wait to see it again.,Positive,back_translation
I embody hooked from the very first minute . I ca n't wait to see it once more .,Positive,synonym
I was hooked from the first minute. I can't wait to see it again.,Positive,back_translation
The visual effects were delicious and added so much depth . I was pinch from the very world-class minute .,Positive,synonym
The visual effects were enjoyable and added a lot of depth. I was hooked from the first minute.,Positive,back_translation
"The lead actor delivered a delicious performance . Wow , just wow .",Positive,synonym
"The lead actor gave a captivating performance. Wow, just wow.",Positive,back_translation
This film is a victory in every sense . The costume design was absolutely flawless . do yourself a favor and go see this .,Positive,synonym
This film is a triumph in every sense. The design of the dress was absolutely flawless. Do yourself a favor and go see it.,Positive,back_translation
The visual personal effects make up stellar and added so much profundity . I was hooked from the very first minute .,Positive,synonym
The visual effects were spectacular and had a lot of depth. I was hooked from the first minute.,Positive,back_translation
"The dialogue was absolutely phenomenal . Wow , precisely wow .",Positive,synonym
"The communication was absolutely amazing. Wow, just wow.",Positive,back_translation
The lead worker delivered a memorable performance . An absolute joy to watch from start to land up .,Positive,synonym
The lead actor gave a memorable performance. An absolute joy to watch from beginning to end.,Positive,back_translation
A cinematic chef-d'oeuvre . The lead actor render a poignant performance . A must-watch for fans of the genre .,Positive,synonym
A cinematic masterpiece. The lead actor gave a touching performance. A must-watch for fans of the genre.,Positive,back_translation
A refreshing return on a tired musical genre . It managed to be upstanding without trying too hard . Highly recommended for everyone .,Positive,synonym
A refreshing take on a tired genre. It managed to be solid without much effort. Highly recommended for all.,Positive,back_translation
"It absolutely balances humor and drama . Wow , just wow .",Positive,synonym
"It balances comedy and drama perfectly. Wow, just wow.",Positive,back_translation
"The lead actor delivered a unflawed carrying out . Finally , a movie that respects the audience .",Positive,synonym
"The lead actor did a great job. Ultimately, a film that respects the audience.",Positive,back_translation
I cost wholly ball up away by this film . The opening scene was absolutely compelling . Do n't miss this one .,Positive,synonym
I was completely enthralled by this film. The opening scene was absolutely mesmerizing. Don't miss it.,Positive,back_translation
I represent hooked from the very first minute . I particularly loved how the firing exist handled . A definitive 10/10 .,Positive,synonym
I was hooked from the first minute. I especially liked how the lighting was handled. A definite 10/10.,Positive,back_translation
This movie is a triumph in every sense . I will equal retrieve about this for days .,Positive,synonym
This film is a triumph in every sense. I will be thinking about this for days.,Positive,back_translation
"scream , just wow . A must-watch for fans of the genre .",Positive,synonym
"I was hooked from the rattling first minute of arc . Every shot mat up earned , and the pacing was delightful . Do yourself a favor and go see this .",Positive,synonym
"I was hooked from the first minute. Every scene felt earned, and the pacing was delightful. Do yourself a favor and go see it.",Positive,back_translation
This movie is a triumph in every sense . The lead actor cede a phenomenal functioning . A must-watch for lover of the genre .,Positive,synonym
This film is a triumph in every sense. The lead actor gave an amazing performance. A must-watch for fans of the genre.,Positive,back_translation
It managed to represent phenomenal without trying too hard . I was completely blown away by this moving picture .,Positive,synonym
It managed to be phenomenal without trying too hard. I was completely enthralled by this film.,Positive,back_translation
I was completely fellate by by this film . It managed to be superb without trying too hard . Two thumbs elbow room up .,Positive,synonym
I was completely enthralled by this film. It managed to be great without trying too hard. Two thumbs up.,Positive,back_translation
"Wow , just wow . The chemistry between the cast was refresh . Two thumb way up .",Positive,synonym
"Wow, just wow. The chemistry between the actors was refreshing. Two thumbs up.",Positive,back_translation
The lead actor delivered a gripping performance . I was solicit from the very beginning minute .,Positive,synonym
The lead actor gave an entertaining performance. I was hooked from the first minute.,Positive,back_translation
An out-and-out joy to watch from scratch line to finish . The lead player delivered a iconic performance . It deserve all the awards it 's getting .,Positive,synonym
An absolute joy to watch from beginning to end. The lead actor gave an iconic performance. It deserves all the awards it gets.,Positive,back_translation
I cost snare from the very first minute . It perfectly balances humor and drama . It deserves all the awards it 's scram .,Positive,synonym
I was hooked from the first minute. It balances comedy and drama perfectly. It deserves all the awards it gets.,Positive,back_translation
"Wow , just wow . The alchemy between the hurl was refreshing . A must-watch for sports fan of the genre .",Positive,synonym
"Wow, just wow. The chemistry between the actors was refreshing. A must-watch for fans of the genre.",Positive,back_translation
I exist hooked from the very first minute . It deserves all the awards it 's find .,Positive,synonym
I was hooked from the first minute. It deserves all the awards it gets.,Positive,back_translation
The visual effects were masterful and added and then much depth . I did n't expect to bask this equally much as I did .,Positive,synonym
The visual effects were excellent and added a lot of depth. I didn't expect to enjoy it so much.,Positive,back_translation
I was abstract from the very inaugural minute . Do yourself a favor and go see this .,Positive,synonym
I was hooked from the first minute. Do yourself a favor and go see it.,Positive,back_translation
This movie embody a triumph in every sense . perform n't miss this one .,Positive,synonym
This film is a triumph in every sense. Don't miss it.,Positive,back_translation
It wield to represent breathtaking without trying too hard . I was completely blown away by this film .,Positive,synonym
It managed to be breathtaking without trying too hard. I was completely enthralled by this film.,Positive,back_translation
A refreshing take on a trite genre . Highly recommended for everyone .,Positive,synonym
A refreshing take on a tired genre. Highly recommended for all.,Positive,back_translation
I cost completely blown away by this film . A definitive 10/10 .,Positive,synonym
I was completely enthralled by this film. A definite 10/10.,Positive,back_translation
The lead actor delivered a heartwarming performance . A cinematic chef-d'oeuvre .,Positive,synonym
The lead actor gave a heart-touching performance. A cinematic masterpiece.,Positive,back_translation
"The pacing was absolutely touching . Wow , just belly laugh .",Positive,synonym
"The pace was absolutely poignant. Wow, just wow.",Positive,back_translation
The visual effects comprise delightful and added so much astuteness . I equal hooked from the quite first minute .,Positive,synonym
The visual effects were enjoyable and added a lot of depth. I was hooked from the first minute.,Positive,back_translation
"It perfectly balances humor and drama . Wow , simply scream .",Positive,synonym
"It balances comedy and drama perfectly. Wow, just wow.",Positive,back_translation
